INSERT INTO student (name, email, phone_number, address, course)
VALUES ('Ravi Kumar', 'ravi1@example.com', 9890011001, 'Delhi', 'BSc Computer Science'),
       ('Priya Sharma', 'priya2@example.com', 9890011002, 'Mumbai', 'BA Economics'),
       ('Amit Verma', 'amit3@example.com', 9890011003, 'Kolkata', 'BCom'),
       ('Neha Gupta', 'neha4@example.com', 9890011004, 'Bangalore', 'BSc Chemistry'),
       ('Sunil Sinha', 'sunil5@example.com', 9890011005, 'Chennai', 'BA English'),
       ('Kavita Mehra', 'kavita6@example.com', 9890011006, 'Hyderabad', 'BCom'),
       ('Ajay Yadav', 'ajay7@example.com', 9890011007, 'Ahmedabad', 'BSc Physics'),
       ('Meera Mishra', 'meera8@example.com', 9890011008, 'Pune', 'BA History'),
       ('Sumit Roy', 'sumit9@example.com', 9890011009, 'Lucknow', 'BCom'),
       ('Deepa Sahni', 'deepa10@example.com', 9890011010, 'Chandigarh',
        'BSc Computer Science'),
       ('Vivek Joshi', 'vivek11@example.com', 9890011011, 'Delhi', 'BA Economics'),
       ('Sonal Jain', 'sonal12@example.com', 9890011012, 'Noida', 'BSc Chemistry'),
       ('Harshita Singh', 'harshita13@example.com', 9890011013, 'Mumbai', 'BA English'),
       ('Pankaj Das', 'pankaj14@example.com', 9890011014, 'Jaipur', 'BCom'),
       ('Ruchi Agarwal', 'ruchi15@example.com', 9890011015, 'Indore', 'BSc Physics'),
       ('Mohit Tiwari', 'mohit16@example.com', 9890011016, 'Kanpur', 'BA History'),
       ('Sneha Chawla', 'sneha17@example.com', 9890011017, 'Bhopal', 'BCom'),
       ('Manish Kapoor', 'manish18@example.com', 9890011018, 'Thane', 'BSc Computer Science'),
       ('Yamini Batra', 'yamini19@example.com', 9890011019, 'Faridabad', 'BA Economics'),
       ('Dinesh Chauhan', 'dinesh20@example.com', 9890011020, 'Patna', 'BSc Chemistry');


INSERT INTO admission_record (fees, admission_date, enrollment_number)
VALUES (12000, '2025-01-10', 'ENR1001'),
       (13000, '2025-01-11', 'ENR1002'),
       (14000, '2025-01-12', 'ENR1003'),
       (12500, '2025-01-13', 'ENR1004'),
       (13500, '2025-01-14', 'ENR1005'),
       (11000, '2025-01-15', 'ENR1006'),
       (15000, '2025-01-16', 'ENR1007'),
       (15500, '2025-01-17', 'ENR1008'),
       (12000, '2025-01-18', 'ENR1009'),
       (12500, '2025-01-19', 'ENR1010'),
       (13000, '2025-01-20', 'ENR1011'),
       (14500, '2025-01-21', 'ENR1012'),
       (14000, '2025-01-22', 'ENR1013'),
       (12500, '2025-01-23', 'ENR1014'),
       (11000, '2025-01-24', 'ENR1015'),
       (12000, '2025-01-25', 'ENR1016'),
       (12500, '2025-01-26', 'ENR1017'),
       (13500, '2025-01-27', 'ENR1018'),
       (14000, '2025-01-28', 'ENR1019'),
       (15000, '2025-01-29', 'ENR1020');

INSERT INTO subject (subject_title, subject_code)
VALUES ('Mathematics', 'MATH101'),
       ('Physics', 'PHYS101'),
       ('Chemistry', 'CHEM101'),
       ('Biology', 'BIOL101'),
       ('English Literature', 'ENG101'),
       ('Computer Science', 'CS101'),
       ('History', 'HIST101'),
       ('Geography', 'GEOG101'),
       ('Economics', 'ECON101'),
       ('Political Science', 'POL101'),
       ('Psychology', 'PSYC101'),
       ('Sociology', 'SOC101'),
       ('Philosophy', 'PHIL101'),
       ('Environmental Science', 'ENV101'),
       ('Statistics', 'STAT101'),
       ('Business Studies', 'BUS101'),
       ('Accounting', 'ACC101'),
       ('Marketing', 'MKT101'),
       ('Law', 'LAW101'),
       ('Anthropology', 'ANTH101');



INSERT INTO professor (name, department, specialization, email, title)
VALUES ('Dr. Rajesh Kumar', 'Physics', 'Quantum Mechanics', 'rajesh.kumar@example.com',
        'Professor'),
       ('Dr. Neha Singh', 'Chemistry', 'Organic Chemistry', 'neha.singh@example.com',
        'Associate Professor'),
       ('Dr. Anil Verma', 'Mathematics', 'Algebra', 'anil.verma@example.com',
        'Assistant Professor'),
       ('Dr. Pooja Sharma', 'Biology', 'Genetics', 'pooja.sharma@example.com', 'Professor'),
       ('Dr. Vikram Joshi', 'Computer Science', 'Artificial Intelligence',
        'vikram.joshi@example.com', 'Associate Professor'),
       ('Dr. Sunita Rao', 'English', 'Literature', 'sunita.rao@example.com',
        'Assistant Professor'),
       ('Dr. Arvind Mehta', 'History', 'Medieval History', 'arvind.mehta@example.com',
        'Professor'),
       ('Dr. Kavita Desai', 'Economics', 'Microeconomics', 'kavita.desai@example.com',
        'Associate Professor'),
       ('Dr. Vivek Nair', 'Political Science', 'International Relations',
        'vivek.nair@example.com', 'Professor'),
       ('Dr. Shweta Gupta', 'Psychology', 'Clinical Psychology', 'shweta.gupta@example.com',
        'Assistant Professor'),
       ('Dr. Rajiv Malhotra', 'Philosophy', 'Ethics', 'rajiv.malhotra@example.com',
        'Professor'),
       ('Dr. Anjali Singh', 'Sociology', 'Urban Sociology', 'anjali.singh@example.com',
        'Associate Professor'),
       ('Dr. Manoj Patel', 'Business', 'Marketing', 'manoj.patel@example.com', 'Professor'),
       ('Dr. Meera Nair', 'Statistics', 'Applied Statistics', 'meera.nair@example.com',
        'Assistant Professor'),
       ('Dr. Rakesh Sharma', 'Law', 'Constitutional Law', 'rakesh.sharma@example.com',
        'Professor'),
       ('Dr. Smita Deshmukh', 'Environmental Science', 'Climate Change',
        'smita.deshmukh@example.com', 'Associate Professor'),
       ('Dr. Suresh Iyer', 'Mathematics', 'Calculus', 'suresh.iyer@example.com', 'Professor'),
       ('Dr. Neelam Joshi', 'Biology', 'Marine Biology', 'neelam.joshi@example.com',
        'Assistant Professor'),
       ('Dr. Amitabh Singh', 'Physics', 'Astrophysics', 'amitabh.singh@example.com',
        'Professor'),
       ('Dr. Rekha Menon', 'Computer Science', 'Data Science', 'rekha.menon@example.com',
        'Associate Professor');
